Foto;Quelldatei;Aufnahmezeit;Beschnitten;Pruefsumme
F-001;Neubau_Flur_Deko.HEIC;2026:09:14 12:33:52;;31e1c5a043f21b2add650923a139e6d2
F-002;Neubau_Raum_1_M_bel.HEIC;2026:09:14 12:34:40;;d13fbc44de2a31b53e7f6aa82187071e
F-003;Neubau_Raum_1.HEIC;2026:09:14 12:34:47;;830e4a4955fb6c4a08b2068c1c620b22
F-004;Neubau_Raum_2.HEIC;2026:09:14 12:36:12;;e066b4abeb0db48065cb66437e8ccb88
F-005;Neubau_Raum_3.HEIC;2026:09:14 12:37:03;;e4610e73ebc5ae9e75d3ec31129ba750
F-006;Neubau_Raum_3..HEIC;2026:09:14 12:37:32;;343a79cb669a1dcde8c4f7c3053383b7
F-007;Neubaum_Raum_3-.HEIC;2026:09:14 12:38:34;;7961fe2525c4e628eb5fe7cc7b64a618
F-008;Neubau_Raum_3.HEIC;2026:09:14 12:39:00;;860313bd061c3bfaf95c37cf04e5b4a9
F-009;Neubau_Raum_3_Teppich_1.HEIC;2026:09:14 12:39:28;;d16c970bd71ce6700f0b175b487e32cd
F-010;Neubau_Raum_3_Teppich1.HEIC;2026:09:14 12:39:39;;d4604d438b1998db0bfff2459ba5fe53
F-011;Neubaum_Raum_3_Teppich_Schwarz_wei_.HEIC;2026:09:14 12:39:45;;b9db74448d42ec186627bbaa0d7d1114
F-012;Neubau_Flur.HEIC;2026:09:14 12:40:16;;4bf5f27a445f4574983251e35d767840
F-013;Neubau_Flur-.HEIC;2026:09:14 12:40:26;;d9e09c17441118724622936ea8afe18f
F-014;Neubau_Flur_1.HEIC;2026:09:14 12:40:34;;8201fdde89b417e332e9fd82299ff961
F-015;Neubau_Flur_.HEIC;2026:09:14 12:40:55;;00081975f7ba29d1b8fdfa1fdc034fc9
F-016;Neubau_K_che.HEIC;2026:09:14 12:41:05;;b2f4be0650ea8e46cdc5a756e4f15c3c
F-017;Neubau_K_che1.HEIC;2026:09:14 12:42:02;;438d7e5f9fd690fc22e9acd424e7d6fc
F-018;Neubau_Eltern.HEIC;2026:09:14 12:45:25;;a234252041e9229f81073e8cdab983dd
F-019;Neubau_Eltern1.HEIC;2026:09:14 12:45:38;;ae71ab0278ca6b992e9db84fafb81856
F-020;Neubau_Eltern2.HEIC;2026:09:14 12:45:49;;55a5b1fa5d52e432e65ddfe4c6d37e36
F-021;Besprechung._Lampe.HEIC;2026:09:14 12:48:12;;0316ecbc9c40ca37b1c4d7c20f791ba6
F-022;Besprechung_Lampe.HEIC;2026:09:14 12:48:17;;d7e4b03696025bc6ad0db9c23a146e50
F-023;B_ro_1.HEIC;2026:09:14 12:49:27;;36ca15fa99a0f54a41dc264e9c228663
F-024;Besprechung_1.HEIC;2026:09:14 12:50:06;;808de67da64475ccf3e2edca6f62108f
F-025;Besprechun_.HEIC;2026:09:14 12:50:10;;8bd540fde2a82ccf4e59720ed5e39ac1
F-026;Besprechung..HEIC;2026:09:14 12:50:47;;e885701bfb10d234af497ca11d1917d9
F-027;Besprechung_.HEIC;2026:09:14 12:51:12;;53f08d9217faa313c6fa7a220f784f2d
F-028;Besprechung__.HEIC;2026:09:14 12:51:19;ja;0ef0b4d9c4120c09b25656f64e3089aa
F-029;Flur.HEIC;2026:09:14 12:51:41;;6b3e5310d09f496394bdeb92a3972714
F-030;Flur2.HEIC;2026:09:14 12:51:55;;62c1dbd336eb68852a497fb2f573d6fe
F-031;Flur3.HEIC;2026:09:14 12:52:06;;c4e86939771c2ec02e5e140454044527
F-032;Flur_4.HEIC;2026:09:14 12:52:50;;2952c7621a4e1170d1a1381399d24655
F-033;Flur_5.HEIC;2026:09:14 12:52:54;;3c2ed2e9dbb50715c6769a622c85a622
F-034;Flur_6.HEIC;2026:09:14 12:53:06;;491b68016f4a9181d7e26dd9c68fcf5d
F-035;Flur_7.HEIC;2026:09:14 12:53:11;;e8a7ab2e26edd6853e28913227de3121
F-036;Flur_8.HEIC;2026:09:14 12:53:28;;db659e5f131fcf533c33e2a4b1ac2546
F-037;Flur_9.HEIC;2026:09:14 12:53:37;;8e54bff56d9adadb01a2a4a0f53e11df
F-038;Flur_12.HEIC;2026:09:14 12:54:54;;b2c388b7f9573999c1c679ddf5cba937
F-039;Flur_10.HEIC;2026:09:14 12:55:08;;cc0a90d1a982e804dc139eb7ec4203cd
F-040;Flur_11.HEIC;2026:09:14 12:55:13;;c494910a4cfbb5991f387c2b390b2247
F-041;Flur_13.HEIC;2026:09:14 12:55:17;;334f1581df7523f1e128ad74807ec7d4
F-042;Raum2.HEIC;2026:09:14 12:55:33;;6942a4f6fc696f6b35d9b880fc9c5300
F-043;Raum2_.HEIC;2026:09:14 12:55:42;;5a892ad2690b718c4294ee70420eb400
F-044;MA_Raum.HEIC;2026:09:14 12:57:14;;36faea9439ba069ba8b2a5abcdc7727b
F-045;MA_Raum1.HEIC;2026:09:14 12:57:23;;d03a45eb893696644596fee147b83fe1
F-046;MA_Raum2.HEIC;2026:09:14 12:57:37;;cafa3f86c1f65f51c29e212ea64f574c
F-047;MA_Raum3.HEIC;2026:09:14 12:57:55;;6496803cf94d351876ecb5962d8e5ca5
F-048;MA_Raum_4.HEIC;2026:09:14 12:58:08;;7f914d2cec0b1b32366d98c8a6620efa
F-049;Flur_.HEIC;2026:09:14 12:58:43;;495d19d451d8f50717d317cbe018d123
F-050;Flur__.HEIC;2026:09:14 12:59:29;;afc4d195548014b5ecef76d47ccb3674
F-051;Eingang.HEIC;2026:09:14 12:59:35;;eaf8477439cd69abb85376cdf458c0fa
F-052;Eingang1.HEIC;2026:09:14 12:59:49;;d3acd082d1e2cc79da1646ef4380636d
F-053;Eingang2.HEIC;2026:09:14 13:00:15;;921b6792aa817258e5a402cfc4e8d896
F-054;Flur_-.HEIC;2026:09:14 13:01:34;;b567c849ccac6cf9cdc22096a24ddbc6
F-055;WC.HEIC;2026:09:14 13:02:06;;ed977cc1d043a24df144eca4b3509c17
F-056;MA_Ruhe.HEIC;2026:09:14 13:03:27;;dbb200191f7069c38149f80558fc33df
F-057;MA_Ruhe_1.HEIC;2026:09:14 13:03:37;;e05f91d7f1f5cf143896a6687a955243
F-058;MA_Ruhe_2.HEIC;2026:09:14 13:03:42;;fb346c881b09cf8d832d9792b2270f34
F-059;MA_Ruhe_3.HEIC;2026:09:14 13:03:46;;d0485fbcca06225099ac95bd4fb9cb17
F-060;MA_Ruhe_5.HEIC;2026:09:14 13:03:52;;a578581272bf8430c3f3fc7af0a61378
F-061;MA_Ruhe_4.HEIC;2026:09:14 13:04:01;;2f6752a1ccbe51d90be9fbd9d0650c36
F-062;Dach1.HEIC;2026:09:14 13:05:34;;a76f8f78a3b0da231ec73eb83f0bf374
F-063;Dach_2.HEIC;2026:09:14 13:05:50;;96af2651483e82c1d72a69efc9acaee1
F-064;Kunst_1.HEIC;2026:09:14 13:06:35;;fa67aa3c0de0e42178b6a672a25cb869
F-065;Kunst_2.HEIC;2026:09:14 13:06:37;;ae717f0d88bcfdc9b0651e932c74a122
F-066;Kunst_3.HEIC;2026:09:14 13:06:40;;5d3d25c5eeff0b1efec2f6f227eaff3d
F-067;Kunst_4.HEIC;2026:09:14 13:06:47;;8663de613f38cb66edcd1e0fb5078843
F-068;Kunst_5.HEIC;2026:09:14 13:06:53;;e1f2e7e9e03cec77221b5a9fe9828771
F-069;Kunst_6.HEIC;2026:09:14 13:07:13;;7828aac8515960d34bf7c0df135d35ad
F-070;Kunst_7.HEIC;2026:09:14 13:07:19;;b5e43e8aa8fbe66e271be8b85c806be8
F-071;Kunst_8.HEIC;2026:09:14 13:07:38;;892806f1f3ee25d7b7299500f8778ff8
F-072;Flur_Deko.HEIC;2026:09:14 13:08:38;;5d2856d3e704782e3be4e04fc0a67048
F-073;Flur_Deko1.HEIC;2026:09:14 13:08:55;;9004bc9648f3645e93f12a86995d29f6
F-074;Flur_UG.HEIC;2026:09:14 13:09:00;;1e84232646558b164297e2d80813fcd5
F-075;Flur_UG1.HEIC;2026:09:14 13:09:16;;594764cef57688a97a88966f2b9962a5
F-076;Flur_UG2.HEIC;2026:09:14 13:09:25;;abab7b47939c7abb12b96e0629417810
F-077;Flur_UG_3.HEIC;2026:09:14 13:09:29;;1d1550f8a25bf2dc02a5fdd7dc594cb0
F-078;UG1.HEIC;2026:09:14 13:09:56;;41aa955376b24dd71ba2765aabb40941
F-079;UG2.HEIC;2026:09:14 13:10:05;;9fa895acbfa87cc6bdce47c516af4ce8
F-080;UG3.HEIC;2026:09:14 13:10:31;;f6766b4745c354018514e2c00947ccf8
F-081;UG4.HEIC;2026:09:14 13:11:04;;add8407cd6ba4847cef8ce959ce45fa9
F-082;Werkstatt1.HEIC;2026:09:14 13:11:30;;bf151f1e9b59ae07e462788ee3477306
F-083;Werkstatt2.HEIC;2026:09:14 13:13:10;;0ad22f29d335ca3775a2103a041bade8
F-084;Werkstatt_3.HEIC;2026:09:14 13:13:14;;d297a172bc2a8e3d5262d6ea4b4d3224
F-085;Werkstatt_4.HEIC;2026:09:14 13:13:15;;92bff8eb6217706414be8b212996ad22
F-086;Werkstatt_5.HEIC;2026:09:14 13:13:18;;b1b7f740fbb3091f9f5bd0010a224f90
F-087;Werkstatt6.HEIC;2026:09:14 13:13:22;;12c0658768cd5b0cb0f24e4b51c6ddb0
F-088;Werkstatt_7.HEIC;2026:09:14 13:13:25;;ea47188c8ef13eb82d4faa6da80f48dc
F-089;Werkstatt_.HEIC;2026:09:14 13:14:32;;5c7a178a29dfb94f405cce283d7a5e8f
F-090;Flur.HEIC;2026:09:14 13:15:30;;7eac89c88cf3666a37f46efc7524edf5
F-091;Flur__.HEIC;2026:09:14 13:15:41;;ae2091e4ecfa185d7efde8543368ef99
F-092;Flur.HEIC;2026:09:14 13:15:43;;e6395d0fb578f99a6d718de6cfc3443a
F-093;Flur__.HEIC;2026:09:14 13:15:52;;cde809542d205d1b2a37296dccb73819
F-094;Terrasse.HEIC;2026:09:14 13:17:02;;24a89916dd24bdfbbbfe281db80d7a30
F-095;Terrasse1.HEIC;2026:09:14 13:17:13;ja;156c228963b2a9b71de94b79655e4bd7
F-096;Terrasse2.HEIC;2026:09:14 13:17:46;;fb64dba8c311e42378c17695411e6c65
F-097;Dachterrasse.HEIC;2026:09:14 13:17:52;;4def0e76e40f22e303a81c926765e39d
F-098;Dachterrasse_2.HEIC;2026:09:14 13:17:57;;30ed1c6d7f1067e98a56ca36330afecc
F-099;Dachterrasse_1.HEIC;2026:09:14 13:18:24;ja;97452fc8acb0acd566575d476bf6a6ba
F-100;Au_en.HEIC;2026:09:14 13:18:47;;66756dba021d1c6248c64c538ba9a7fd
F-101;Terrasse_hinten.HEIC;2026:09:14 13:19:35;;e219ac838a2629cf0a351d210d27d5e5
F-102;terrasse_hinten_1.HEIC;2026:09:14 13:19:42;;5d13e093be752ba267aca4f7fc819af7
F-103;Terrasse_hinten2.HEIC;2026:09:14 13:19:52;;62caffab6e504d2b1fa27ee4a8ed8c0a
F-104;Dachterrasse.HEIC;2026:09:14 13:20:41;;9a1edab0f03370c47b8f54497c69c19e
F-105;Dachterrasse_.HEIC;2026:09:14 13:21:06;;52398afd5c323165b6326ef95b4b5ca3
F-106;Dachterrasse_1.HEIC;2026:09:14 13:21:15;;af11095a87e6d208130461d228377cf9
F-107;Dachterrasse_.HEIC;2026:09:14 13:21:45;;cb8764279ce34cbb6fd79588d165629c
F-108;Dachterrasse_.HEIC;2026:09:14 13:22:55;;0678d19bb77d2c48dd4d6cea23885c3f
F-109;Neubau_Eingang.HEIC;2026:09:14 13:24:08;;4fbe527ae5831ad89686eea01eb839d3
F-110;Neubau_Eingang1.HEIC;2026:09:14 13:24:16;ja;64ebadb2e420a9c04c66f80fd6a5c32e
F-111;Au_en.HEIC;2026:09:14 13:25:24;;b2863191433845025ca58bf3d86bfc0d
